100,Kore,Vivle,Kore.Vivle@yopmail.com,developer
101,Yolane,Pearse,Yolane.Pearse@yopmail.com,firefighter
102,Dianemarie,Chinua,Dianemarie.Chinua@yopmail.com,developer
103,Lynea,Ashely,Lynea.Ashely@yopmail.com,worker
104,Bobinette,Fiann,Bobinette.Fiann@yopmail.com,doctor
105,Mellicent,Kare,Mellicent.Kare@yopmail.com,firefighter
106,Catrina,Screens,Catrina.Screens@yopmail.com,worker
107,Nickie,Urias,Nickie.Urias@yopmail.com,firefighter
108,Georgetta,Corabella,Georgetta.Corabella@yopmail.com,developer
109,Janenna,Hewitt,Janenna.Hewitt@yopmail.com,doctor
110,Melisent,Cloris,Melisent.Cloris@yopmail.com,doctor
111,Hermione,Swigart,Hermione.Swigart@yopmail.com,worker
112,Demetris,Allys,Demetris.Allys@yopmail.com,doctor
113,Gratia,Smitt,Gratia.Smitt@yopmail.com,doctor
114,Shaine,Kaja,Shaine.Kaja@yopmail.com,firefighter
115,Ernesta,Martsen,Ernesta.Martsen@yopmail.com,police officer
116,Margalo,Belldas,Margalo.Belldas@yopmail.com,developer
117,Roxane,Merat,Roxane.Merat@yopmail.com,developer
118,Pamella,Pascia,Pamella.Pascia@yopmail.com,firefighter
119,Michaelina,Gualtiero,Michaelina.Gualtiero@yopmail.com,worker
120,Stacey,Cosenza,Stacey.Cosenza@yopmail.com,worker
121,Kalina,Dichy,Kalina.Dichy@yopmail.com,developer
122,Blake,Charmine,Blake.Charmine@yopmail.com,police officer
123,Desirae,Velick,Desirae.Velick@yopmail.com,worker
124,Ada,Lytton,Ada.Lytton@yopmail.com,doctor
125,Giustina,Letsou,Giustina.Letsou@yopmail.com,police officer
126,Maridel,Docilla,Maridel.Docilla@yopmail.com,doctor
127,Wilma,Redmond,Wilma.Redmond@yopmail.com,doctor
128,Dulcinea,Marden,Dulcinea.Marden@yopmail.com,doctor
129,Minda,Tannie,Minda.Tannie@yopmail.com,police officer
130,Isa,Skurnik,Isa.Skurnik@yopmail.com,doctor
131,Madalyn,Papageno,Madalyn.Papageno@yopmail.com,developer
132,Yolane,Jagir,Yolane.Jagir@yopmail.com,doctor
133,Ariela,Timon,Ariela.Timon@yopmail.com,developer
134,Odessa,Frodi,Odessa.Frodi@yopmail.com,worker
135,Darci,Daveta,Darci.Daveta@yopmail.com,developer
136,Cassandra,Letsou,Cassandra.Letsou@yopmail.com,police officer
137,Donnie,Kelula,Donnie.Kelula@yopmail.com,doctor
138,Minda,Erich,Minda.Erich@yopmail.com,developer
139,Bobbi,Gaspard,Bobbi.Gaspard@yopmail.com,police officer
140,Blondelle,Goerke,Blondelle.Goerke@yopmail.com,doctor
141,Camile,Han,Camile.Han@yopmail.com,firefighter
142,Lorie,Fennessy,Lorie.Fennessy@yopmail.com,doctor
143,Janis,Zachary,Janis.Zachary@yopmail.com,worker
144,Ulrike,Bennie,Ulrike.Bennie@yopmail.com,doctor
145,Ginnie,Aaberg,Ginnie.Aaberg@yopmail.com,police officer
146,Agnese,Georgy,Agnese.Georgy@yopmail.com,doctor
147,Perry,Bollay,Perry.Bollay@yopmail.com,doctor
148,Stephanie,Chick,Stephanie.Chick@yopmail.com,doctor
149,Emmey,Mathilde,Emmey.Mathilde@yopmail.com,developer
150,Karlee,Durante,Karlee.Durante@yopmail.com,developer
151,Ebonee,Bury,Ebonee.Bury@yopmail.com,worker
152,Dania,Dominy,Dania.Dominy@yopmail.com,worker
153,Sindee,Robertson,Sindee.Robertson@yopmail.com,worker
154,Tomasina,Wiener,Tomasina.Wiener@yopmail.com,worker
155,Amara,Reidar,Amara.Reidar@yopmail.com,developer
156,Lynnea,Center,Lynnea.Center@yopmail.com,firefighter
157,Monika,Modie,Monika.Modie@yopmail.com,worker
158,Dagmar,Concha,Dagmar.Concha@yopmail.com,doctor
159,Antonietta,Soneson,Antonietta.Soneson@yopmail.com,police officer
160,Sara-Ann,Nedrud,Sara-Ann.Nedrud@yopmail.com,firefighter
161,Roxane,Hirsch,Roxane.Hirsch@yopmail.com,doctor
162,Fernande,Timon,Fernande.Timon@yopmail.com,developer
163,Kore,Oneida,Kore.Oneida@yopmail.com,developer
164,Lulita,Olnee,Lulita.Olnee@yopmail.com,firefighter
165,Wanda,Kristi,Wanda.Kristi@yopmail.com,developer
166,Ofilia,Thunell,Ofilia.Thunell@yopmail.com,firefighter
167,Louella,Sasnett,Louella.Sasnett@yopmail.com,worker
168,Therine,Gahl,Therine.Gahl@yopmail.com,doctor
169,Lorne,Jenness,Lorne.Jenness@yopmail.com,developer
170,Ursulina,Monk,Ursulina.Monk@yopmail.com,worker
171,Genevra,Karna,Genevra.Karna@yopmail.com,developer
172,Meriel,Bartlett,Meriel.Bartlett@yopmail.com,police officer
173,Jolyn,Elisha,Jolyn.Elisha@yopmail.com,worker
174,Kayla,Demitria,Kayla.Demitria@yopmail.com,firefighter
175,Vanessa,Lia,Vanessa.Lia@yopmail.com,police officer
176,Donetta,Evvie,Donetta.Evvie@yopmail.com,worker
177,Genevra,Vins,Genevra.Vins@yopmail.com,doctor
178,Myriam,Israeli,Myriam.Israeli@yopmail.com,firefighter
179,Mariele,Stoller,Mariele.Stoller@yopmail.com,developer
180,Minda,Weitman,Minda.Weitman@yopmail.com,doctor
181,Juliane,Baptlsta,Juliane.Baptlsta@yopmail.com,developer
182,Trixi,Bobbee,Trixi.Bobbee@yopmail.com,police officer
183,Gratia,Giff,Gratia.Giff@yopmail.com,worker
184,Kittie,Charmine,Kittie.Charmine@yopmail.com,doctor
185,Hannis,Kussell,Hannis.Kussell@yopmail.com,firefighter
186,Catharine,Schenck,Catharine.Schenck@yopmail.com,firefighter
187,Heida,Gaynor,Heida.Gaynor@yopmail.com,firefighter
188,Ofilia,Si,Ofilia.Si@yopmail.com,police officer
189,Nollie,Jalbert,Nollie.Jalbert@yopmail.com,police officer
190,Sarette,Keelia,Sarette.Keelia@yopmail.com,worker
191,Courtnay,Verger,Courtnay.Verger@yopmail.com,developer
192,Sheree,Natica,Sheree.Natica@yopmail.com,worker
193,Arlena,Katrine,Arlena.Katrine@yopmail.com,police officer
194,Sharlene,Chesna,Sharlene.Chesna@yopmail.com,developer
195,Daune,Jerald,Daune.Jerald@yopmail.com,worker
196,Riannon,Georgy,Riannon.Georgy@yopmail.com,police officer
197,Blake,Toni,Blake.Toni@yopmail.com,doctor
198,Jan,Ophelia,Jan.Ophelia@yopmail.com,doctor
199,Lesly,Hillel,Lesly.Hillel@yopmail.com,firefighter
200,Damaris,Maribeth,Damaris.Maribeth@yopmail.com,worker
201,Averyl,Secrest,Averyl.Secrest@yopmail.com,police officer
202,Starla,Bettine,Starla.Bettine@yopmail.com,firefighter
203,Ulrike,Berl,Ulrike.Berl@yopmail.com,developer
204,Dyann,Hermes,Dyann.Hermes@yopmail.com,firefighter
205,Zaria,Tippets,Zaria.Tippets@yopmail.com,firefighter
206,Romona,Eldrid,Romona.Eldrid@yopmail.com,worker
207,Shannah,Fink,Shannah.Fink@yopmail.com,worker
208,Jsandye,Sabella,Jsandye.Sabella@yopmail.com,developer
209,Lanae,Lea,Lanae.Lea@yopmail.com,police officer
210,Carmencita,Boehike,Carmencita.Boehike@yopmail.com,worker
211,Donetta,Skurnik,Donetta.Skurnik@yopmail.com,firefighter
212,June,Bonilla,June.Bonilla@yopmail.com,worker
213,Corene,Mitzi,Corene.Mitzi@yopmail.com,firefighter
214,Flo,Lilybelle,Flo.Lilybelle@yopmail.com,doctor
215,Orsola,Boycey,Orsola.Boycey@yopmail.com,police officer
216,Nyssa,Jotham,Nyssa.Jotham@yopmail.com,developer
217,Aigneis,Travax,Aigneis.Travax@yopmail.com,police officer
218,Viki,Judye,Viki.Judye@yopmail.com,doctor
219,Tybie,Llovera,Tybie.Llovera@yopmail.com,firefighter
220,Netty,Monk,Netty.Monk@yopmail.com,firefighter
221,Marita,Erb,Marita.Erb@yopmail.com,doctor
222,Nikki,Paine,Nikki.Paine@yopmail.com,police officer
223,Cordi,Lesley,Cordi.Lesley@yopmail.com,developer
224,Edyth,Abbot,Edyth.Abbot@yopmail.com,worker
225,Kylynn,Berard,Kylynn.Berard@yopmail.com,police officer
226,Althea,Moina,Althea.Moina@yopmail.com,worker
227,Joelly,Germann,Joelly.Germann@yopmail.com,worker
228,Gertrud,Hathaway,Gertrud.Hathaway@yopmail.com,developer
229,Chere,Sheng,Chere.Sheng@yopmail.com,police officer
230,Cristine,Firmin,Cristine.Firmin@yopmail.com,worker
231,Tera,Shaver,Tera.Shaver@yopmail.com,police officer
232,Aili,Romelda,Aili.Romelda@yopmail.com,worker
233,Elyssa,Margret,Elyssa.Margret@yopmail.com,doctor
234,Jillayne,Tacye,Jillayne.Tacye@yopmail.com,doctor
235,Kate,Arne,Kate.Arne@yopmail.com,worker
236,Violet,Susannah,Violet.Susannah@yopmail.com,developer
237,Mariele,Pulsifer,Mariele.Pulsifer@yopmail.com,police officer
238,Nerta,Tyson,Nerta.Tyson@yopmail.com,worker
239,Madalyn,Charity,Madalyn.Charity@yopmail.com,firefighter
240,Helena,Kravits,Helena.Kravits@yopmail.com,doctor
241,Kaja,Maisey,Kaja.Maisey@yopmail.com,doctor
242,Talya,Richers,Talya.Richers@yopmail.com,police officer
243,Sue,Adrienne,Sue.Adrienne@yopmail.com,worker
244,Ernesta,Helve,Ernesta.Helve@yopmail.com,police officer
245,Hyacinthe,Darian,Hyacinthe.Darian@yopmail.com,worker
246,Goldie,Prober,Goldie.Prober@yopmail.com,doctor
247,Alexine,Kaja,Alexine.Kaja@yopmail.com,worker
248,Brandise,Skell,Brandise.Skell@yopmail.com,developer
249,Edee,Cohdwell,Edee.Cohdwell@yopmail.com,developer
250,Annaliese,Arley,Annaliese.Arley@yopmail.com,police officer
251,Ingrid,McClimans,Ingrid.McClimans@yopmail.com,worker
252,Lily,Hazlett,Lily.Hazlett@yopmail.com,police officer
253,Margette,Ummersen,Margette.Ummersen@yopmail.com,developer
254,Lonnie,Rad,Lonnie.Rad@yopmail.com,firefighter
255,Babita,Hazlett,Babita.Hazlett@yopmail.com,doctor
256,Aurelie,Silvan,Aurelie.Silvan@yopmail.com,worker
257,Tybie,Winthorpe,Tybie.Winthorpe@yopmail.com,police officer
258,Emylee,Cynar,Emylee.Cynar@yopmail.com,doctor
259,Sybille,Bach,Sybille.Bach@yopmail.com,developer
260,Carolina,Darbie,Carolina.Darbie@yopmail.com,police officer
261,Therine,Kinnard,Therine.Kinnard@yopmail.com,doctor
262,Fredericka,Chinua,Fredericka.Chinua@yopmail.com,police officer
263,Lulita,Georas,Lulita.Georas@yopmail.com,doctor
264,Tierney,Cherianne,Tierney.Cherianne@yopmail.com,firefighter
265,Justinn,Goerke,Justinn.Goerke@yopmail.com,worker
266,Babita,Florina,Babita.Florina@yopmail.com,doctor
267,Maisey,Hillel,Maisey.Hillel@yopmail.com,firefighter
268,Deane,Mendez,Deane.Mendez@yopmail.com,police officer
269,Juliane,Ader,Juliane.Ader@yopmail.com,firefighter
270,Margette,Billye,Margette.Billye@yopmail.com,firefighter
271,Lulita,Deny,Lulita.Deny@yopmail.com,worker
272,Yvonne,Dorothy,Yvonne.Dorothy@yopmail.com,police officer
273,Lenna,Longfellow,Lenna.Longfellow@yopmail.com,firefighter
274,Jaclyn,Beebe,Jaclyn.Beebe@yopmail.com,doctor
275,Therine,McClimans,Therine.McClimans@yopmail.com,police officer
276,Merle,Kylander,Merle.Kylander@yopmail.com,police officer
277,Maye,Parette,Maye.Parette@yopmail.com,developer
278,Ulrike,Holtz,Ulrike.Holtz@yopmail.com,worker
279,Evaleen,Linehan,Evaleen.Linehan@yopmail.com,police officer
280,Joceline,Bryna,Joceline.Bryna@yopmail.com,firefighter
281,Lanna,Freddi,Lanna.Freddi@yopmail.com,developer
282,Margette,Eiser,Margette.Eiser@yopmail.com,developer
283,Tatiania,Fadiman,Tatiania.Fadiman@yopmail.com,doctor
284,Jessamyn,Allina,Jessamyn.Allina@yopmail.com,developer
285,Rosene,Gerge,Rosene.Gerge@yopmail.com,developer
286,Anestassia,Podvin,Anestassia.Podvin@yopmail.com,developer
287,Dulce,Jobi,Dulce.Jobi@yopmail.com,police officer
288,Vevay,Michella,Vevay.Michella@yopmail.com,firefighter
289,Kerrin,Elvyn,Kerrin.Elvyn@yopmail.com,developer
290,Olivette,Weide,Olivette.Weide@yopmail.com,firefighter
291,Shirlee,Tillford,Shirlee.Tillford@yopmail.com,doctor
292,Kenna,Hubert,Kenna.Hubert@yopmail.com,worker
293,Mireielle,Moina,Mireielle.Moina@yopmail.com,worker
294,Shell,Marsden,Shell.Marsden@yopmail.com,worker
295,Annabela,Bow,Annabela.Bow@yopmail.com,firefighter
296,Roberta,Billye,Roberta.Billye@yopmail.com,police officer
297,Yetty,Markman,Yetty.Markman@yopmail.com,police officer
298,Cyndie,Loeb,Cyndie.Loeb@yopmail.com,firefighter
299,Marsiella,Rosette,Marsiella.Rosette@yopmail.com,firefighter
300,Kylynn,Rocray,Kylynn.Rocray@yopmail.com,police officer
301,Britte,Hubert,Britte.Hubert@yopmail.com,police officer
302,Mallory,Anastatius,Mallory.Anastatius@yopmail.com,firefighter
303,Calla,Federica,Calla.Federica@yopmail.com,firefighter
304,Iseabal,Phyllis,Iseabal.Phyllis@yopmail.com,firefighter
305,Robbi,Ortrude,Robbi.Ortrude@yopmail.com,police officer
306,Cathie,Nedrud,Cathie.Nedrud@yopmail.com,police officer
307,Livvyy,McLaughlin,Livvyy.McLaughlin@yopmail.com,doctor
308,Libbie,Nahum,Libbie.Nahum@yopmail.com,worker
309,Darci,Macey,Darci.Macey@yopmail.com,developer
310,Bertine,Melan,Bertine.Melan@yopmail.com,firefighter
311,Sandie,Nerita,Sandie.Nerita@yopmail.com,developer
312,Brandise,Alice,Brandise.Alice@yopmail.com,firefighter
313,Winny,Wenda,Winny.Wenda@yopmail.com,police officer
314,Fred,Carri,Fred.Carri@yopmail.com,worker
315,Elise,Kiersten,Elise.Kiersten@yopmail.com,developer
316,Nadine,Creamer,Nadine.Creamer@yopmail.com,doctor
317,Atlanta,Christal,Atlanta.Christal@yopmail.com,police officer
318,Merrie,Madox,Merrie.Madox@yopmail.com,police officer
319,Aurore,Adlare,Aurore.Adlare@yopmail.com,developer
320,Halette,Sammons,Halette.Sammons@yopmail.com,worker
321,Alexine,Pettiford,Alexine.Pettiford@yopmail.com,doctor
322,Amara,Capello,Amara.Capello@yopmail.com,police officer
323,Gerrie,Tayib,Gerrie.Tayib@yopmail.com,developer
324,Kathi,Estella,Kathi.Estella@yopmail.com,police officer
325,Willetta,Cordi,Willetta.Cordi@yopmail.com,firefighter
326,Janeczka,Lunsford,Janeczka.Lunsford@yopmail.com,developer
327,Tressa,Gusella,Tressa.Gusella@yopmail.com,worker
328,Jaclyn,Vary,Jaclyn.Vary@yopmail.com,police officer
329,Gloria,Letsou,Gloria.Letsou@yopmail.com,developer
330,Chastity,Lindemann,Chastity.Lindemann@yopmail.com,developer
331,Catrina,Herrera,Catrina.Herrera@yopmail.com,doctor
332,Ann-Marie,Daveta,Ann-Marie.Daveta@yopmail.com,developer
333,Felice,Zola,Felice.Zola@yopmail.com,police officer
334,Correy,Tannie,Correy.Tannie@yopmail.com,firefighter
335,Donnie,Suzetta,Donnie.Suzetta@yopmail.com,worker
336,Selma,Faro,Selma.Faro@yopmail.com,doctor
337,Atlanta,Joni,Atlanta.Joni@yopmail.com,developer
338,Cindelyn,Sholley,Cindelyn.Sholley@yopmail.com,doctor
339,Hermione,Ulphia,Hermione.Ulphia@yopmail.com,developer
340,Darlleen,Ortrude,Darlleen.Ortrude@yopmail.com,firefighter
341,Clarice,Fennessy,Clarice.Fennessy@yopmail.com,firefighter
342,Ileana,Chrystel,Ileana.Chrystel@yopmail.com,worker
343,Winifred,Adrienne,Winifred.Adrienne@yopmail.com,police officer
344,Chickie,Gualtiero,Chickie.Gualtiero@yopmail.com,developer
345,Oona,Cecile,Oona.Cecile@yopmail.com,developer
346,Korrie,Cyrie,Korrie.Cyrie@yopmail.com,police officer
347,Chandra,Macey,Chandra.Macey@yopmail.com,firefighter
348,Wynne,Gaynor,Wynne.Gaynor@yopmail.com,worker
349,Aeriela,Holbrook,Aeriela.Holbrook@yopmail.com,doctor
350,Mignon,Florina,Mignon.Florina@yopmail.com,doctor
351,Laure,Francyne,Laure.Francyne@yopmail.com,police officer
352,Micheline,Carey,Micheline.Carey@yopmail.com,developer
353,Roslyn,Smitt,Roslyn.Smitt@yopmail.com,worker
354,Ethel,Maryanne,Ethel.Maryanne@yopmail.com,firefighter
355,Orsola,Rurik,Orsola.Rurik@yopmail.com,firefighter
356,Vere,Sisile,Vere.Sisile@yopmail.com,worker
357,Gerrie,Nadia,Gerrie.Nadia@yopmail.com,firefighter
358,Roseline,Shuler,Roseline.Shuler@yopmail.com,doctor
359,Jany,Camden,Jany.Camden@yopmail.com,police officer
360,Kylynn,Melan,Kylynn.Melan@yopmail.com,police officer
361,Liana,Gwenore,Liana.Gwenore@yopmail.com,developer
362,Adele,Audly,Adele.Audly@yopmail.com,firefighter
363,Dolli,Erlandson,Dolli.Erlandson@yopmail.com,developer
364,Theodora,Gaal,Theodora.Gaal@yopmail.com,firefighter
365,Emilia,Rosemary,Emilia.Rosemary@yopmail.com,firefighter
366,Rhea,Hubert,Rhea.Hubert@yopmail.com,firefighter
367,Kore,Baptlsta,Kore.Baptlsta@yopmail.com,developer
368,Elie,Desai,Elie.Desai@yopmail.com,developer
369,Amii,Morehouse,Amii.Morehouse@yopmail.com,police officer
370,Reeba,Alrich,Reeba.Alrich@yopmail.com,developer
371,Carlie,Dannye,Carlie.Dannye@yopmail.com,firefighter
372,Marjie,Pyle,Marjie.Pyle@yopmail.com,doctor
373,Penelopa,Letsou,Penelopa.Letsou@yopmail.com,worker
374,Anthia,Helfand,Anthia.Helfand@yopmail.com,developer
375,Amelia,Santoro,Amelia.Santoro@yopmail.com,police officer
376,Kial,Strephon,Kial.Strephon@yopmail.com,worker
377,Atlanta,Deny,Atlanta.Deny@yopmail.com,doctor
378,Dacia,Japeth,Dacia.Japeth@yopmail.com,doctor
379,Merci,Ashok,Merci.Ashok@yopmail.com,firefighter
380,Gretal,Yuille,Gretal.Yuille@yopmail.com,firefighter
381,Carly,Swigart,Carly.Swigart@yopmail.com,doctor
382,Susette,Orlene,Susette.Orlene@yopmail.com,worker
383,Carree,Fadiman,Carree.Fadiman@yopmail.com,worker
384,Marjie,Monaco,Marjie.Monaco@yopmail.com,doctor
385,Layla,An,Layla.An@yopmail.com,police officer
386,Clarice,Carey,Clarice.Carey@yopmail.com,firefighter
387,Shandie,Dreda,Shandie.Dreda@yopmail.com,developer
388,Albertina,Pozzy,Albertina.Pozzy@yopmail.com,doctor
389,Kirbee,Selway,Kirbee.Selway@yopmail.com,worker
390,Alleen,Hunfredo,Alleen.Hunfredo@yopmail.com,firefighter
391,Tamqrah,Strephon,Tamqrah.Strephon@yopmail.com,developer
392,Averyl,Brotherson,Averyl.Brotherson@yopmail.com,firefighter
393,Alie,Brieta,Alie.Brieta@yopmail.com,worker
394,Shaylyn,Trey,Shaylyn.Trey@yopmail.com,developer
395,Alex,Tippets,Alex.Tippets@yopmail.com,worker
396,Glynnis,Maiah,Glynnis.Maiah@yopmail.com,police officer
397,Marti,Center,Marti.Center@yopmail.com,firefighter
398,Betta,Natica,Betta.Natica@yopmail.com,developer
399,Ashlee,Lindemann,Ashlee.Lindemann@yopmail.com,police officer
400,Nyssa,Ambrosia,Nyssa.Ambrosia@yopmail.com,police officer
401,Peri,Edison,Peri.Edison@yopmail.com,worker
402,Keelia,Fillbert,Keelia.Fillbert@yopmail.com,firefighter
403,Susan,Bigner,Susan.Bigner@yopmail.com,worker
404,Alia,Dichy,Alia.Dichy@yopmail.com,doctor
405,Tierney,Lane,Tierney.Lane@yopmail.com,worker
406,Grier,Trey,Grier.Trey@yopmail.com,police officer
407,Evaleen,Callista,Evaleen.Callista@yopmail.com,police officer
408,Phylis,Giff,Phylis.Giff@yopmail.com,police officer
409,Tina,Gemini,Tina.Gemini@yopmail.com,firefighter
410,Philis,Tillford,Philis.Tillford@yopmail.com,doctor
411,Gabi,Waldron,Gabi.Waldron@yopmail.com,doctor
412,Marnia,Therine,Marnia.Therine@yopmail.com,firefighter
413,Jsandye,Salchunas,Jsandye.Salchunas@yopmail.com,police officer
414,Christal,Hamil,Christal.Hamil@yopmail.com,worker
415,Wileen,Carlson,Wileen.Carlson@yopmail.com,doctor
416,Elora,Kunin,Elora.Kunin@yopmail.com,police officer
417,Natka,Infield,Natka.Infield@yopmail.com,police officer
418,Allyce,Lay,Allyce.Lay@yopmail.com,police officer
419,Teddie,Liva,Teddie.Liva@yopmail.com,doctor
420,Elsie,Terencio,Elsie.Terencio@yopmail.com,police officer
421,Pearline,Liva,Pearline.Liva@yopmail.com,doctor
422,Rhoda,Kellby,Rhoda.Kellby@yopmail.com,doctor
423,Dorthy,Maxi,Dorthy.Maxi@yopmail.com,police officer
424,Joelly,Chauncey,Joelly.Chauncey@yopmail.com,worker
425,Abbie,Nea,Abbie.Nea@yopmail.com,worker
426,Kara-Lynn,Fennessy,Kara-Lynn.Fennessy@yopmail.com,worker
427,Cherilyn,Hoenack,Cherilyn.Hoenack@yopmail.com,police officer
428,Leona,Armanda,Leona.Armanda@yopmail.com,firefighter
429,Cassondra,Yorick,Cassondra.Yorick@yopmail.com,police officer
430,Mignon,Morgun,Mignon.Morgun@yopmail.com,doctor
431,Daphne,Helfand,Daphne.Helfand@yopmail.com,police officer
432,Judy,Lemuela,Judy.Lemuela@yopmail.com,developer
433,Dominga,Even,Dominga.Even@yopmail.com,doctor
434,Tamqrah,Valerio,Tamqrah.Valerio@yopmail.com,firefighter
435,Dolli,Hashim,Dolli.Hashim@yopmail.com,police officer
436,Fina,Eugenia,Fina.Eugenia@yopmail.com,police officer
437,Sherrie,Rubie,Sherrie.Rubie@yopmail.com,police officer
438,Aurelie,Connelly,Aurelie.Connelly@yopmail.com,worker
439,Marika,Baylor,Marika.Baylor@yopmail.com,developer
440,Fayre,Eckblad,Fayre.Eckblad@yopmail.com,doctor
441,Hermione,Hull,Hermione.Hull@yopmail.com,firefighter
442,Ileana,Narton,Ileana.Narton@yopmail.com,doctor
443,Ellette,Oscar,Ellette.Oscar@yopmail.com,developer
444,Lucy,Guildroy,Lucy.Guildroy@yopmail.com,doctor
445,Millie,Papageno,Millie.Papageno@yopmail.com,developer
446,Ellette,Matthew,Ellette.Matthew@yopmail.com,police officer
447,Patricia,Greenwald,Patricia.Greenwald@yopmail.com,doctor
448,Millie,Prober,Millie.Prober@yopmail.com,doctor
449,Marti,Charity,Marti.Charity@yopmail.com,developer
450,Heida,Keily,Heida.Keily@yopmail.com,worker
451,Moyna,Vacuva,Moyna.Vacuva@yopmail.com,police officer
452,Gilligan,Gaulin,Gilligan.Gaulin@yopmail.com,firefighter
453,Chrystel,Latini,Chrystel.Latini@yopmail.com,doctor
454,Melodie,Garek,Melodie.Garek@yopmail.com,worker
455,Korrie,Stephie,Korrie.Stephie@yopmail.com,doctor
456,Moyna,O'Neill,Moyna.O'Neill@yopmail.com,police officer
457,Natka,Thilda,Natka.Thilda@yopmail.com,police officer
458,Aaren,Xerxes,Aaren.Xerxes@yopmail.com,firefighter
459,Ayn,Klemperer,Ayn.Klemperer@yopmail.com,doctor
460,Molli,Rosalba,Molli.Rosalba@yopmail.com,worker
461,Anallese,Dawkins,Anallese.Dawkins@yopmail.com,police officer
462,Jordan,Kussell,Jordan.Kussell@yopmail.com,worker
463,Tamqrah,Chobot,Tamqrah.Chobot@yopmail.com,police officer
464,Anallese,Gabrielli,Anallese.Gabrielli@yopmail.com,doctor
465,Pearline,Chick,Pearline.Chick@yopmail.com,developer
466,Amii,Marden,Amii.Marden@yopmail.com,doctor
467,Marline,Alfons,Marline.Alfons@yopmail.com,police officer
468,Nessie,Magdalen,Nessie.Magdalen@yopmail.com,firefighter
469,Aryn,Elo,Aryn.Elo@yopmail.com,worker
470,Joeann,Kazimir,Joeann.Kazimir@yopmail.com,worker
471,Noelle,Howlyn,Noelle.Howlyn@yopmail.com,police officer
472,Aubrie,Read,Aubrie.Read@yopmail.com,firefighter
473,Lanae,Doig,Lanae.Doig@yopmail.com,developer
474,Gretal,Elisha,Gretal.Elisha@yopmail.com,developer
475,Taffy,Rona,Taffy.Rona@yopmail.com,worker
476,Daune,Carlson,Daune.Carlson@yopmail.com,doctor
477,Nelle,Eliathas,Nelle.Eliathas@yopmail.com,firefighter
478,Nadine,Newell,Nadine.Newell@yopmail.com,doctor
479,Olwen,Screens,Olwen.Screens@yopmail.com,worker
480,Bill,Tybald,Bill.Tybald@yopmail.com,doctor
481,Darlleen,Weinreb,Darlleen.Weinreb@yopmail.com,developer
482,Emmey,Meli,Emmey.Meli@yopmail.com,doctor
483,Kristina,Jammal,Kristina.Jammal@yopmail.com,police officer
484,Christian,Leonard,Christian.Leonard@yopmail.com,developer
485,Noelle,Luhe,Noelle.Luhe@yopmail.com,police officer
486,Amara,Serilda,Amara.Serilda@yopmail.com,police officer
487,Johna,Pulsifer,Johna.Pulsifer@yopmail.com,developer
488,Tani,Arathorn,Tani.Arathorn@yopmail.com,police officer
489,Dorene,Seumas,Dorene.Seumas@yopmail.com,firefighter
490,Carol-Jean,Salchunas,Carol-Jean.Salchunas@yopmail.com,doctor
491,Shirlee,Ailyn,Shirlee.Ailyn@yopmail.com,doctor
492,Mariele,Ricarda,Mariele.Ricarda@yopmail.com,developer
493,Gerianna,Eno,Gerianna.Eno@yopmail.com,worker
494,Fredericka,Presber,Fredericka.Presber@yopmail.com,worker
495,Marika,Verger,Marika.Verger@yopmail.com,firefighter
496,Talya,Wenoa,Talya.Wenoa@yopmail.com,police officer
497,Dorthy,Glovsky,Dorthy.Glovsky@yopmail.com,worker
498,Babita,Dominy,Babita.Dominy@yopmail.com,developer
499,Merle,Regan,Merle.Regan@yopmail.com,worker
500,Tabbatha,Junie,Tabbatha.Junie@yopmail.com,firefighter
501,Goldie,Oster,Goldie.Oster@yopmail.com,developer
502,Elie,Eldrid,Elie.Eldrid@yopmail.com,firefighter
503,Hallie,Beniamino,Hallie.Beniamino@yopmail.com,worker
504,Jacenta,Nicoline,Jacenta.Nicoline@yopmail.com,doctor
505,Arlina,Schlosser,Arlina.Schlosser@yopmail.com,doctor
506,Codie,Baudin,Codie.Baudin@yopmail.com,developer
507,Grier,Goerke,Grier.Goerke@yopmail.com,firefighter
508,Ethel,Ulphia,Ethel.Ulphia@yopmail.com,police officer
509,Betta,Schonfeld,Betta.Schonfeld@yopmail.com,firefighter
510,Merci,Miru,Merci.Miru@yopmail.com,developer
511,Carol-Jean,Yate,Carol-Jean.Yate@yopmail.com,police officer
512,Lulita,Merat,Lulita.Merat@yopmail.com,developer
513,Elyssa,Gemini,Elyssa.Gemini@yopmail.com,police officer
514,Lita,Chobot,Lita.Chobot@yopmail.com,firefighter
515,Paule,Sammons,Paule.Sammons@yopmail.com,worker
516,Lolita,Kiyoshi,Lolita.Kiyoshi@yopmail.com,doctor
517,Jorry,Ambrosia,Jorry.Ambrosia@yopmail.com,worker
518,Binny,Cutlerr,Binny.Cutlerr@yopmail.com,developer
519,Anthia,Dunkin,Anthia.Dunkin@yopmail.com,worker
520,Cyb,Marijo,Cyb.Marijo@yopmail.com,developer
521,Zia,Macey,Zia.Macey@yopmail.com,doctor
522,Alyda,Torray,Alyda.Torray@yopmail.com,developer
523,Sharlene,Catie,Sharlene.Catie@yopmail.com,worker
524,Beatriz,Klotz,Beatriz.Klotz@yopmail.com,developer
525,Malina,Boehike,Malina.Boehike@yopmail.com,police officer
526,Amii,Hilbert,Amii.Hilbert@yopmail.com,firefighter
527,Kittie,Borrell,Kittie.Borrell@yopmail.com,developer
528,Constance,Rugen,Constance.Rugen@yopmail.com,worker
529,Iseabal,Edee,Iseabal.Edee@yopmail.com,worker
530,Rozele,Bebe,Rozele.Bebe@yopmail.com,developer
531,Valera,Claudine,Valera.Claudine@yopmail.com,developer
532,Kirbee,Schalles,Kirbee.Schalles@yopmail.com,worker
533,Livvyy,Edee,Livvyy.Edee@yopmail.com,doctor
534,Queenie,Velick,Queenie.Velick@yopmail.com,doctor
535,Mureil,McAdams,Mureil.McAdams@yopmail.com,worker
536,Tera,Plato,Tera.Plato@yopmail.com,firefighter
537,Quintina,Wittie,Quintina.Wittie@yopmail.com,doctor
538,Libbie,Yorick,Libbie.Yorick@yopmail.com,police officer
539,Merry,Evvie,Merry.Evvie@yopmail.com,doctor
540,Dennie,Meter,Dennie.Meter@yopmail.com,worker
541,Paulita,Charity,Paulita.Charity@yopmail.com,police officer
542,Donnie,Chesna,Donnie.Chesna@yopmail.com,developer
543,Randa,Artie,Randa.Artie@yopmail.com,firefighter
544,Amalie,Dearborn,Amalie.Dearborn@yopmail.com,police officer
545,Calla,Callista,Calla.Callista@yopmail.com,doctor
546,Mara,Cornelia,Mara.Cornelia@yopmail.com,firefighter
547,Laurene,Suzetta,Laurene.Suzetta@yopmail.com,worker
548,Carmencita,Douglass,Carmencita.Douglass@yopmail.com,doctor
549,Charissa,Brunell,Charissa.Brunell@yopmail.com,firefighter
550,Gabriellia,Kunin,Gabriellia.Kunin@yopmail.com,worker
551,Josephine,Idelia,Josephine.Idelia@yopmail.com,worker
552,Lindie,Hamil,Lindie.Hamil@yopmail.com,police officer
553,Katuscha,Clywd,Katuscha.Clywd@yopmail.com,developer
554,Winny,Zachary,Winny.Zachary@yopmail.com,firefighter
555,Jemie,Si,Jemie.Si@yopmail.com,firefighter
556,Kenna,Schonfeld,Kenna.Schonfeld@yopmail.com,firefighter
557,Jacquetta,Freddi,Jacquetta.Freddi@yopmail.com,developer
558,Ida,Keelia,Ida.Keelia@yopmail.com,doctor
559,Hyacinthe,Atonsah,Hyacinthe.Atonsah@yopmail.com,doctor
560,Anestassia,Bohlin,Anestassia.Bohlin@yopmail.com,developer
561,Mathilda,Nore,Mathilda.Nore@yopmail.com,doctor
562,Kayla,Diogenes,Kayla.Diogenes@yopmail.com,worker
563,Agathe,Minetta,Agathe.Minetta@yopmail.com,police officer
564,Clo,Jefferey,Clo.Jefferey@yopmail.com,developer
565,Selia,Wareing,Selia.Wareing@yopmail.com,doctor
566,Tarra,Hazlett,Tarra.Hazlett@yopmail.com,police officer
567,Flo,Myrilla,Flo.Myrilla@yopmail.com,developer
568,Nollie,Claudine,Nollie.Claudine@yopmail.com,police officer
569,Maisey,Stefa,Maisey.Stefa@yopmail.com,developer
570,Andree,Erich,Andree.Erich@yopmail.com,developer
571,Emma,Brian,Emma.Brian@yopmail.com,developer
572,Lanae,Clie,Lanae.Clie@yopmail.com,worker
573,Marguerite,Schenck,Marguerite.Schenck@yopmail.com,police officer
574,Anestassia,Loeb,Anestassia.Loeb@yopmail.com,police officer
575,Genevra,Niles,Genevra.Niles@yopmail.com,doctor
576,Hallie,Stover,Hallie.Stover@yopmail.com,police officer
577,Roberta,Tomasina,Roberta.Tomasina@yopmail.com,worker
578,Kaia,Gibbeon,Kaia.Gibbeon@yopmail.com,developer
579,Hallie,Fiester,Hallie.Fiester@yopmail.com,developer
580,Hyacinthe,Pattin,Hyacinthe.Pattin@yopmail.com,developer
581,Chrystel,Levey,Chrystel.Levey@yopmail.com,police officer
582,Coral,Teddman,Coral.Teddman@yopmail.com,doctor
583,Ana,Loleta,Ana.Loleta@yopmail.com,developer
584,Mary,Eugenia,Mary.Eugenia@yopmail.com,worker
585,Aubrie,Bronk,Aubrie.Bronk@yopmail.com,doctor
586,Shandie,Hutchison,Shandie.Hutchison@yopmail.com,worker
587,Jobi,Tamar,Jobi.Tamar@yopmail.com,doctor
588,Winny,Chobot,Winny.Chobot@yopmail.com,firefighter
589,Ivett,Malvino,Ivett.Malvino@yopmail.com,police officer
590,Wanda,Yusuk,Wanda.Yusuk@yopmail.com,worker
591,Jean,Astra,Jean.Astra@yopmail.com,firefighter
592,Delilah,Baudin,Delilah.Baudin@yopmail.com,firefighter
593,Sam,Carey,Sam.Carey@yopmail.com,doctor
594,Jessamyn,Fabiola,Jessamyn.Fabiola@yopmail.com,doctor
595,Jolyn,Emanuel,Jolyn.Emanuel@yopmail.com,doctor
596,Myriam,Callista,Myriam.Callista@yopmail.com,doctor
597,Karina,Mata,Karina.Mata@yopmail.com,police officer
598,Jillayne,Armanda,Jillayne.Armanda@yopmail.com,firefighter
599,Dania,Stover,Dania.Stover@yopmail.com,developer
600,Aeriela,Yate,Aeriela.Yate@yopmail.com,worker
601,Ivett,Fabiola,Ivett.Fabiola@yopmail.com,doctor
602,Hannis,Wilona,Hannis.Wilona@yopmail.com,developer
603,Edee,Uund,Edee.Uund@yopmail.com,doctor
604,Alex,Shirberg,Alex.Shirberg@yopmail.com,police officer
605,Mary,Rubie,Mary.Rubie@yopmail.com,worker
606,Candy,Engdahl,Candy.Engdahl@yopmail.com,doctor
607,Celene,Braun,Celene.Braun@yopmail.com,worker
608,Ninnetta,Albertine,Ninnetta.Albertine@yopmail.com,police officer
609,Dorthy,Ricki,Dorthy.Ricki@yopmail.com,doctor
610,Kerrin,Ader,Kerrin.Ader@yopmail.com,worker
611,Amelia,Miru,Amelia.Miru@yopmail.com,firefighter
612,Sue,Haldas,Sue.Haldas@yopmail.com,worker
613,Marita,Eugenia,Marita.Eugenia@yopmail.com,worker
614,Belinda,Lail,Belinda.Lail@yopmail.com,police officer
615,Wileen,Gombach,Wileen.Gombach@yopmail.com,firefighter
616,Gwenneth,Alisia,Gwenneth.Alisia@yopmail.com,doctor
617,Philis,Thema,Philis.Thema@yopmail.com,worker
618,Dania,Liebermann,Dania.Liebermann@yopmail.com,worker
619,Laure,Arathorn,Laure.Arathorn@yopmail.com,police officer
620,Misha,Ashok,Misha.Ashok@yopmail.com,firefighter
621,Cordi,Abernon,Cordi.Abernon@yopmail.com,firefighter
622,Chandra,Florina,Chandra.Florina@yopmail.com,developer
623,Therine,Audly,Therine.Audly@yopmail.com,firefighter
624,Zia,Dituri,Zia.Dituri@yopmail.com,developer
625,Zaria,Shirberg,Zaria.Shirberg@yopmail.com,worker
626,Lyssa,Revkah,Lyssa.Revkah@yopmail.com,firefighter
627,Mahalia,Giule,Mahalia.Giule@yopmail.com,worker
628,Mariann,Schroth,Mariann.Schroth@yopmail.com,police officer
629,Meriel,Dowski,Meriel.Dowski@yopmail.com,police officer
630,Kara-Lynn,Sothena,Kara-Lynn.Sothena@yopmail.com,police officer
631,Sashenka,Kenney,Sashenka.Kenney@yopmail.com,firefighter
632,Gilligan,Stefa,Gilligan.Stefa@yopmail.com,police officer
633,Alleen,Hewitt,Alleen.Hewitt@yopmail.com,police officer
634,Ezmeralda,Hewitt,Ezmeralda.Hewitt@yopmail.com,police officer
635,Adelle,Margret,Adelle.Margret@yopmail.com,doctor
636,Candi,Emmy,Candi.Emmy@yopmail.com,worker
637,Libbie,Pascia,Libbie.Pascia@yopmail.com,worker
638,Merci,Charity,Merci.Charity@yopmail.com,worker
639,Kenna,Fry,Kenna.Fry@yopmail.com,developer
640,Ketti,Burch,Ketti.Burch@yopmail.com,developer
641,Lynde,Brackely,Lynde.Brackely@yopmail.com,doctor
642,Elena,Malina,Elena.Malina@yopmail.com,developer
643,Sybille,Grimbly,Sybille.Grimbly@yopmail.com,police officer
644,Brooks,Bennie,Brooks.Bennie@yopmail.com,police officer
645,Pierette,Talia,Pierette.Talia@yopmail.com,police officer
646,Keelia,Chapland,Keelia.Chapland@yopmail.com,developer
647,Joy,Merat,Joy.Merat@yopmail.com,developer
648,Janeczka,Melleta,Janeczka.Melleta@yopmail.com,firefighter
649,Dolli,Grobe,Dolli.Grobe@yopmail.com,developer
650,Emelina,Maroney,Emelina.Maroney@yopmail.com,police officer
651,Evita,Stanwood,Evita.Stanwood@yopmail.com,firefighter
652,Randa,Alfons,Randa.Alfons@yopmail.com,worker
653,Jemie,Lucienne,Jemie.Lucienne@yopmail.com,developer
654,Alyssa,Colbert,Alyssa.Colbert@yopmail.com,firefighter
655,Sallie,Mike,Sallie.Mike@yopmail.com,doctor
656,Fred,Flyn,Fred.Flyn@yopmail.com,developer
657,Tressa,Pattin,Tressa.Pattin@yopmail.com,doctor
658,Kamilah,Japeth,Kamilah.Japeth@yopmail.com,police officer
659,Dale,Adamsen,Dale.Adamsen@yopmail.com,developer
660,Penelopa,Ezar,Penelopa.Ezar@yopmail.com,worker
661,Olivette,Wolfgram,Olivette.Wolfgram@yopmail.com,firefighter
662,Julieta,Trace,Julieta.Trace@yopmail.com,police officer
663,Carol-Jean,Gavrila,Carol-Jean.Gavrila@yopmail.com,police officer
664,Tatiania,Emanuel,Tatiania.Emanuel@yopmail.com,developer
665,Joleen,Lemuela,Joleen.Lemuela@yopmail.com,doctor
666,Corly,Gahl,Corly.Gahl@yopmail.com,firefighter
667,Dominga,Graig,Dominga.Graig@yopmail.com,doctor
668,Alyssa,Granoff,Alyssa.Granoff@yopmail.com,doctor
669,Joeann,Erlandson,Joeann.Erlandson@yopmail.com,developer
670,Vanessa,Si,Vanessa.Si@yopmail.com,firefighter
671,Teriann,McNully,Teriann.McNully@yopmail.com,police officer
672,Leeanne,Merna,Leeanne.Merna@yopmail.com,doctor
673,Jaime,Bonilla,Jaime.Bonilla@yopmail.com,developer
674,Nita,Weinreb,Nita.Weinreb@yopmail.com,worker
675,Mathilda,Euridice,Mathilda.Euridice@yopmail.com,police officer
676,Inga,Ardra,Inga.Ardra@yopmail.com,firefighter
677,Wilma,Alfons,Wilma.Alfons@yopmail.com,police officer
678,Joleen,Dosia,Joleen.Dosia@yopmail.com,police officer
679,Farrah,Faria,Farrah.Faria@yopmail.com,police officer
680,Priscilla,Janene,Priscilla.Janene@yopmail.com,firefighter
681,Vanessa,Orelee,Vanessa.Orelee@yopmail.com,police officer
682,Xylina,Pozzy,Xylina.Pozzy@yopmail.com,developer
683,Gertrud,Elvyn,Gertrud.Elvyn@yopmail.com,developer
684,Sonni,Ivens,Sonni.Ivens@yopmail.com,police officer
685,Marika,Toni,Marika.Toni@yopmail.com,firefighter
686,Benita,Bach,Benita.Bach@yopmail.com,developer
687,Chloris,Fairweather,Chloris.Fairweather@yopmail.com,police officer
688,Kirstin,Wenda,Kirstin.Wenda@yopmail.com,doctor
689,Valeda,Roche,Valeda.Roche@yopmail.com,police officer
690,Beverley,Hortensia,Beverley.Hortensia@yopmail.com,police officer
691,Valera,Raimondo,Valera.Raimondo@yopmail.com,police officer
692,Hettie,Evangelia,Hettie.Evangelia@yopmail.com,police officer
693,Donetta,Kunin,Donetta.Kunin@yopmail.com,worker
694,Cissiee,Bord,Cissiee.Bord@yopmail.com,doctor
695,Fredericka,Adlare,Fredericka.Adlare@yopmail.com,developer
696,Wynne,Helve,Wynne.Helve@yopmail.com,police officer
697,Ericka,Ingra,Ericka.Ingra@yopmail.com,developer
698,Lanae,Warthman,Lanae.Warthman@yopmail.com,doctor
699,Concettina,Sasnett,Concettina.Sasnett@yopmail.com,worker
700,Atlanta,Whittaker,Atlanta.Whittaker@yopmail.com,police officer
701,Eadie,Kazimir,Eadie.Kazimir@yopmail.com,doctor
702,Aimil,Izaak,Aimil.Izaak@yopmail.com,worker
703,Ottilie,Leler,Ottilie.Leler@yopmail.com,doctor
704,Dulce,Juliet,Dulce.Juliet@yopmail.com,doctor
705,Lily,Raul,Lily.Raul@yopmail.com,developer
706,Joleen,Eiser,Joleen.Eiser@yopmail.com,firefighter
707,Brianna,Lamoree,Brianna.Lamoree@yopmail.com,doctor
708,Keelia,Bettine,Keelia.Bettine@yopmail.com,firefighter
709,Concettina,Solitta,Concettina.Solitta@yopmail.com,worker
710,Sadie,Percy,Sadie.Percy@yopmail.com,worker
711,Anica,Garlinda,Anica.Garlinda@yopmail.com,developer
712,Maridel,Madelene,Maridel.Madelene@yopmail.com,worker
713,Lisette,Wattenberg,Lisette.Wattenberg@yopmail.com,police officer
714,Chrystel,Weitman,Chrystel.Weitman@yopmail.com,police officer
715,Brynna,Chesna,Brynna.Chesna@yopmail.com,worker
716,Kimberley,Gert,Kimberley.Gert@yopmail.com,firefighter
717,Joeann,Swigart,Joeann.Swigart@yopmail.com,worker
718,Mallory,Brenn,Mallory.Brenn@yopmail.com,firefighter
719,Gisela,Viddah,Gisela.Viddah@yopmail.com,firefighter
720,Jasmina,Lumbard,Jasmina.Lumbard@yopmail.com,firefighter
721,Tani,Jess,Tani.Jess@yopmail.com,developer
722,Melodie,Sharl,Melodie.Sharl@yopmail.com,developer
723,Gwyneth,Zina,Gwyneth.Zina@yopmail.com,worker
724,Isa,Miru,Isa.Miru@yopmail.com,firefighter
725,Sonni,Ellord,Sonni.Ellord@yopmail.com,worker
726,Janenna,Roumell,Janenna.Roumell@yopmail.com,worker
727,Cherilyn,Argus,Cherilyn.Argus@yopmail.com,firefighter
728,Elena,Gualtiero,Elena.Gualtiero@yopmail.com,firefighter
729,Delilah,Remmer,Delilah.Remmer@yopmail.com,police officer
730,Tabbatha,Forrer,Tabbatha.Forrer@yopmail.com,firefighter
731,Myriam,Arvo,Myriam.Arvo@yopmail.com,police officer
732,Johna,Lay,Johna.Lay@yopmail.com,doctor
733,Alyda,Lilybelle,Alyda.Lilybelle@yopmail.com,firefighter
734,Phylis,Boycey,Phylis.Boycey@yopmail.com,police officer
735,Millie,Faust,Millie.Faust@yopmail.com,police officer
736,Mara,Garrison,Mara.Garrison@yopmail.com,worker
737,Catharine,Paine,Catharine.Paine@yopmail.com,police officer
738,Lilith,Serilda,Lilith.Serilda@yopmail.com,worker
739,Marti,Abbot,Marti.Abbot@yopmail.com,developer
740,Gisela,Joseph,Gisela.Joseph@yopmail.com,doctor
741,Goldie,Reidar,Goldie.Reidar@yopmail.com,police officer
742,Larine,Morehouse,Larine.Morehouse@yopmail.com,doctor
743,Karina,Moina,Karina.Moina@yopmail.com,police officer
744,Wynne,Sheedy,Wynne.Sheedy@yopmail.com,police officer
745,Brandise,Erlandson,Brandise.Erlandson@yopmail.com,developer
746,Benita,Latini,Benita.Latini@yopmail.com,doctor
747,Nelle,Bultman,Nelle.Bultman@yopmail.com,police officer
748,Wendi,Audly,Wendi.Audly@yopmail.com,developer
749,Averyl,Bandeen,Averyl.Bandeen@yopmail.com,police officer
750,Tersina,Isidore,Tersina.Isidore@yopmail.com,worker
751,Christal,Ietta,Christal.Ietta@yopmail.com,police officer
752,Ronna,Moina,Ronna.Moina@yopmail.com,worker
753,Letizia,Kelula,Letizia.Kelula@yopmail.com,police officer
754,Katharina,Janith,Katharina.Janith@yopmail.com,police officer
755,Myrtice,Lea,Myrtice.Lea@yopmail.com,firefighter
756,Fanny,Konyn,Fanny.Konyn@yopmail.com,police officer
757,Jennica,Dunkin,Jennica.Dunkin@yopmail.com,firefighter
758,Arabel,Flyn,Arabel.Flyn@yopmail.com,firefighter
759,Hildegaard,Idelia,Hildegaard.Idelia@yopmail.com,police officer
760,Brietta,Naor,Brietta.Naor@yopmail.com,firefighter
761,Philis,Pernick,Philis.Pernick@yopmail.com,firefighter
762,Imojean,Bettine,Imojean.Bettine@yopmail.com,developer
763,Estell,Lumbard,Estell.Lumbard@yopmail.com,police officer
764,Cacilie,Eckblad,Cacilie.Eckblad@yopmail.com,doctor
765,Lonnie,Allare,Lonnie.Allare@yopmail.com,firefighter
766,Sharlene,Docilla,Sharlene.Docilla@yopmail.com,firefighter
767,Lanna,Seligman,Lanna.Seligman@yopmail.com,developer
768,Jordan,Esmaria,Jordan.Esmaria@yopmail.com,police officer
769,Madeleine,Judye,Madeleine.Judye@yopmail.com,firefighter
770,Gwenneth,Breed,Gwenneth.Breed@yopmail.com,worker
771,Karena,Stover,Karena.Stover@yopmail.com,doctor
772,Belinda,Vanni,Belinda.Vanni@yopmail.com,police officer
773,Sophia,Bertold,Sophia.Bertold@yopmail.com,police officer
774,Aeriela,Redmond,Aeriela.Redmond@yopmail.com,developer
775,Zondra,Decato,Zondra.Decato@yopmail.com,worker
776,Elka,Torray,Elka.Torray@yopmail.com,doctor
777,Renae,Center,Renae.Center@yopmail.com,worker
778,Michaelina,Adrienne,Michaelina.Adrienne@yopmail.com,worker
779,Violet,Carri,Violet.Carri@yopmail.com,doctor
780,Albertina,Grayce,Albertina.Grayce@yopmail.com,worker
781,Almeta,Faust,Almeta.Faust@yopmail.com,worker
782,Roseline,Mitzi,Roseline.Mitzi@yopmail.com,doctor
783,Cyndie,Sabella,Cyndie.Sabella@yopmail.com,doctor
784,Myriam,Ventre,Myriam.Ventre@yopmail.com,firefighter
785,Sabina,Tengdin,Sabina.Tengdin@yopmail.com,doctor
786,Robbi,Mata,Robbi.Mata@yopmail.com,doctor
787,Ezmeralda,Charity,Ezmeralda.Charity@yopmail.com,doctor
788,Flory,Anis,Flory.Anis@yopmail.com,police officer
789,Jolyn,Gabrielli,Jolyn.Gabrielli@yopmail.com,developer
790,Marylou,Cosenza,Marylou.Cosenza@yopmail.com,firefighter
791,Sissy,Dawkins,Sissy.Dawkins@yopmail.com,doctor
792,Nonnah,Bow,Nonnah.Bow@yopmail.com,doctor
793,Janis,Faria,Janis.Faria@yopmail.com,worker
794,Karena,Jenness,Karena.Jenness@yopmail.com,worker
795,Viki,Francene,Viki.Francene@yopmail.com,doctor
796,Betta,Euridice,Betta.Euridice@yopmail.com,firefighter
797,Maud,Grosz,Maud.Grosz@yopmail.com,police officer
798,Hayley,Means,Hayley.Means@yopmail.com,firefighter
799,Annora,Kronfeld,Annora.Kronfeld@yopmail.com,worker
800,Fina,Hashim,Fina.Hashim@yopmail.com,police officer
801,Emelina,Montgomery,Emelina.Montgomery@yopmail.com,firefighter
802,Siana,Natalia,Siana.Natalia@yopmail.com,worker
803,Myrtice,Albertine,Myrtice.Albertine@yopmail.com,firefighter
804,Chloris,Hunfredo,Chloris.Hunfredo@yopmail.com,worker
805,Ketti,Geffner,Ketti.Geffner@yopmail.com,doctor
806,Hettie,Quent,Hettie.Quent@yopmail.com,police officer
807,Lita,Sholley,Lita.Sholley@yopmail.com,doctor
808,Kenna,Brotherson,Kenna.Brotherson@yopmail.com,doctor
809,Vita,Rozanna,Vita.Rozanna@yopmail.com,developer
810,Bertine,Corrine,Bertine.Corrine@yopmail.com,worker
811,Karlee,Carmena,Karlee.Carmena@yopmail.com,developer
812,Berta,Prober,Berta.Prober@yopmail.com,doctor
813,Dorice,Sibyls,Dorice.Sibyls@yopmail.com,worker
814,Winny,Evangelia,Winny.Evangelia@yopmail.com,firefighter
815,Lynde,Alejoa,Lynde.Alejoa@yopmail.com,doctor
816,Bernardine,Strephon,Bernardine.Strephon@yopmail.com,firefighter
817,Marcy,Felizio,Marcy.Felizio@yopmail.com,developer
818,Mallory,Yam,Mallory.Yam@yopmail.com,developer
819,Selma,Dituri,Selma.Dituri@yopmail.com,police officer
820,Sissy,Zachary,Sissy.Zachary@yopmail.com,developer
821,Etta,Hylan,Etta.Hylan@yopmail.com,firefighter
822,Gale,Ursulette,Gale.Ursulette@yopmail.com,doctor
823,Abbie,Holbrook,Abbie.Holbrook@yopmail.com,firefighter
824,Priscilla,Blake,Priscilla.Blake@yopmail.com,firefighter
825,Frances,Faso,Frances.Faso@yopmail.com,worker
826,Elka,Ailyn,Elka.Ailyn@yopmail.com,doctor
827,Thalia,Hoenack,Thalia.Hoenack@yopmail.com,doctor
828,Lorenza,Erskine,Lorenza.Erskine@yopmail.com,worker
829,Pearline,Greyson,Pearline.Greyson@yopmail.com,worker
830,Aubrie,Flita,Aubrie.Flita@yopmail.com,firefighter
831,Gilda,Kendrick,Gilda.Kendrick@yopmail.com,firefighter
832,Angela,Jotham,Angela.Jotham@yopmail.com,police officer
833,Tressa,Dunkin,Tressa.Dunkin@yopmail.com,worker
834,Wanda,Tarrant,Wanda.Tarrant@yopmail.com,doctor
835,Cyb,Lilas,Cyb.Lilas@yopmail.com,developer
836,Max,Peti,Max.Peti@yopmail.com,doctor
837,Valeda,Lasley,Valeda.Lasley@yopmail.com,doctor
838,Sadie,Ammann,Sadie.Ammann@yopmail.com,police officer
839,Grier,Oriana,Grier.Oriana@yopmail.com,doctor
840,Lusa,Kermit,Lusa.Kermit@yopmail.com,worker
841,Krystle,Dearborn,Krystle.Dearborn@yopmail.com,worker
842,Arlina,Larochelle,Arlina.Larochelle@yopmail.com,doctor
843,Hannis,Hedve,Hannis.Hedve@yopmail.com,police officer
844,Deedee,O'Neill,Deedee.O'Neill@yopmail.com,developer
845,Aryn,Seumas,Aryn.Seumas@yopmail.com,firefighter
846,Leanna,Barbey,Leanna.Barbey@yopmail.com,worker
847,Sara-Ann,Zachary,Sara-Ann.Zachary@yopmail.com,doctor
848,Emmey,Lauraine,Emmey.Lauraine@yopmail.com,worker
849,Kassey,My,Kassey.My@yopmail.com,worker
850,Shell,Joeann,Shell.Joeann@yopmail.com,worker
851,Rhoda,Lytton,Rhoda.Lytton@yopmail.com,doctor
852,Karena,Roumell,Karena.Roumell@yopmail.com,doctor
853,Riannon,Koziara,Riannon.Koziara@yopmail.com,developer
854,Laure,Scammon,Laure.Scammon@yopmail.com,worker
855,Dacia,Muriel,Dacia.Muriel@yopmail.com,doctor
856,Harrietta,Yam,Harrietta.Yam@yopmail.com,worker
857,Ermengarde,Bendick,Ermengarde.Bendick@yopmail.com,doctor
858,Yolane,Orelee,Yolane.Orelee@yopmail.com,police officer
859,Linet,Heidt,Linet.Heidt@yopmail.com,firefighter
860,Merle,Vivle,Merle.Vivle@yopmail.com,worker
861,Candi,Casimir,Candi.Casimir@yopmail.com,police officer
862,Sheelagh,Maples,Sheelagh.Maples@yopmail.com,firefighter
863,Karena,Egbert,Karena.Egbert@yopmail.com,doctor
864,Jaclyn,Holbrook,Jaclyn.Holbrook@yopmail.com,worker
865,Halette,Lytton,Halette.Lytton@yopmail.com,firefighter
866,Tomasina,Telfer,Tomasina.Telfer@yopmail.com,police officer
867,Rebeca,Henebry,Rebeca.Henebry@yopmail.com,developer
868,Myrtice,Lory,Myrtice.Lory@yopmail.com,developer
869,Aigneis,Ioab,Aigneis.Ioab@yopmail.com,developer
870,Eolanda,Egbert,Eolanda.Egbert@yopmail.com,firefighter
871,Cristine,Urias,Cristine.Urias@yopmail.com,worker
872,Beverley,Fredi,Beverley.Fredi@yopmail.com,police officer
873,Steffane,Claudine,Steffane.Claudine@yopmail.com,doctor
874,Gabriellia,Bakerman,Gabriellia.Bakerman@yopmail.com,police officer
875,Evaleen,Dyche,Evaleen.Dyche@yopmail.com,firefighter
876,Celestyna,Hollingsworth,Celestyna.Hollingsworth@yopmail.com,police officer
877,Hyacinthe,Means,Hyacinthe.Means@yopmail.com,developer
878,Elbertina,Erminia,Elbertina.Erminia@yopmail.com,worker
879,Jessamyn,Cottle,Jessamyn.Cottle@yopmail.com,worker
880,Aigneis,Philoo,Aigneis.Philoo@yopmail.com,police officer
881,Shirlee,Tremayne,Shirlee.Tremayne@yopmail.com,worker
882,Gerianna,Elsinore,Gerianna.Elsinore@yopmail.com,doctor
883,Ivett,Eiser,Ivett.Eiser@yopmail.com,firefighter
884,Adelle,Casimir,Adelle.Casimir@yopmail.com,worker
885,Carmela,Maurine,Carmela.Maurine@yopmail.com,worker
886,Devina,Mathilde,Devina.Mathilde@yopmail.com,firefighter
887,Norine,Morehouse,Norine.Morehouse@yopmail.com,doctor
888,Gloria,Abernon,Gloria.Abernon@yopmail.com,police officer
889,Catrina,Constancy,Catrina.Constancy@yopmail.com,firefighter
890,Eve,Lauraine,Eve.Lauraine@yopmail.com,developer
891,Juliane,Weide,Juliane.Weide@yopmail.com,firefighter
892,Ayn,Naashom,Ayn.Naashom@yopmail.com,firefighter
893,Tina,Jeanne,Tina.Jeanne@yopmail.com,doctor
894,Sam,Cyrie,Sam.Cyrie@yopmail.com,doctor
895,Fernande,Eachern,Fernande.Eachern@yopmail.com,developer
896,Aigneis,Teddman,Aigneis.Teddman@yopmail.com,doctor
897,Carmela,Voletta,Carmela.Voletta@yopmail.com,developer
898,Stevana,Kannry,Stevana.Kannry@yopmail.com,developer
899,Almeta,Barbey,Almeta.Barbey@yopmail.com,police officer
900,Olwen,Gamaliel,Olwen.Gamaliel@yopmail.com,firefighter
901,Caritta,Dorine,Caritta.Dorine@yopmail.com,developer
902,Rebeca,Thunell,Rebeca.Thunell@yopmail.com,worker
903,Melanie,Edvard,Melanie.Edvard@yopmail.com,doctor
904,Paola,Kamaria,Paola.Kamaria@yopmail.com,doctor
905,Frances,Casimir,Frances.Casimir@yopmail.com,doctor
906,Angela,Raseda,Angela.Raseda@yopmail.com,worker
907,Annora,Lunsford,Annora.Lunsford@yopmail.com,police officer
908,Sue,Ochs,Sue.Ochs@yopmail.com,doctor
909,Glynnis,Forrer,Glynnis.Forrer@yopmail.com,police officer
910,Dennie,Mandler,Dennie.Mandler@yopmail.com,firefighter
911,Pollyanna,Wadell,Pollyanna.Wadell@yopmail.com,worker
912,Jenda,Rona,Jenda.Rona@yopmail.com,firefighter
913,Ira,Lesley,Ira.Lesley@yopmail.com,firefighter
914,Jasmina,Solitta,Jasmina.Solitta@yopmail.com,police officer
915,Edyth,Heidt,Edyth.Heidt@yopmail.com,firefighter
916,Mathilda,Jess,Mathilda.Jess@yopmail.com,firefighter
917,Ellette,Lorenz,Ellette.Lorenz@yopmail.com,police officer
918,Aili,Sherrie,Aili.Sherrie@yopmail.com,developer
919,Dulcinea,Pip,Dulcinea.Pip@yopmail.com,worker
920,Olivette,Hourigan,Olivette.Hourigan@yopmail.com,doctor
921,Aryn,Adore,Aryn.Adore@yopmail.com,doctor
922,Carolina,Evangelia,Carolina.Evangelia@yopmail.com,doctor
923,Gretal,Freddi,Gretal.Freddi@yopmail.com,police officer
924,Nita,Moseley,Nita.Moseley@yopmail.com,police officer
925,Devina,Capello,Devina.Capello@yopmail.com,developer
926,Tami,Caitlin,Tami.Caitlin@yopmail.com,firefighter
927,Tamqrah,Ummersen,Tamqrah.Ummersen@yopmail.com,doctor
928,Chickie,Heisel,Chickie.Heisel@yopmail.com,worker
929,Tatiania,Mintz,Tatiania.Mintz@yopmail.com,firefighter
930,Adele,Ivens,Adele.Ivens@yopmail.com,worker
931,Magdalena,Suzetta,Magdalena.Suzetta@yopmail.com,police officer
932,Lila,Bendick,Lila.Bendick@yopmail.com,developer
933,Annice,Tarrant,Annice.Tarrant@yopmail.com,worker
934,Lita,Margret,Lita.Margret@yopmail.com,doctor
935,Fidelia,Pascia,Fidelia.Pascia@yopmail.com,worker
936,Meg,Malina,Meg.Malina@yopmail.com,police officer
937,Dennie,Eckblad,Dennie.Eckblad@yopmail.com,worker
938,Kenna,Damarra,Kenna.Damarra@yopmail.com,police officer
939,Lesly,Chauncey,Lesly.Chauncey@yopmail.com,developer
940,Steffane,Kosey,Steffane.Kosey@yopmail.com,police officer
941,Michaelina,Greenwald,Michaelina.Greenwald@yopmail.com,developer
942,Meghann,Bivins,Meghann.Bivins@yopmail.com,worker
943,Steffane,Percy,Steffane.Percy@yopmail.com,police officer
944,Elena,Abbot,Elena.Abbot@yopmail.com,doctor
945,Angelique,Serilda,Angelique.Serilda@yopmail.com,worker
946,Gwyneth,Bergman,Gwyneth.Bergman@yopmail.com,doctor
947,Sara-Ann,Evangelia,Sara-Ann.Evangelia@yopmail.com,firefighter
948,Penelopa,Merriott,Penelopa.Merriott@yopmail.com,firefighter
949,Cristabel,Chinua,Cristabel.Chinua@yopmail.com,police officer
950,Concettina,Kermit,Concettina.Kermit@yopmail.com,police officer
951,Sophia,McCutcheon,Sophia.McCutcheon@yopmail.com,police officer
952,Brena,Cloris,Brena.Cloris@yopmail.com,firefighter
953,Rhea,Cutlerr,Rhea.Cutlerr@yopmail.com,developer
954,Ricky,Hieronymus,Ricky.Hieronymus@yopmail.com,worker
955,Rhea,Mitzi,Rhea.Mitzi@yopmail.com,doctor
956,Laure,Zeeba,Laure.Zeeba@yopmail.com,doctor
957,Catharine,Saree,Catharine.Saree@yopmail.com,developer
958,Jeanna,Pitt,Jeanna.Pitt@yopmail.com,developer
959,Ethel,Pauly,Ethel.Pauly@yopmail.com,firefighter
960,Perry,Lucienne,Perry.Lucienne@yopmail.com,firefighter
961,Concettina,Yusuk,Concettina.Yusuk@yopmail.com,doctor
962,Jorry,Nance,Jorry.Nance@yopmail.com,firefighter
963,Lynea,Saint,Lynea.Saint@yopmail.com,police officer
964,Frieda,Cyrie,Frieda.Cyrie@yopmail.com,police officer
965,Judy,Masao,Judy.Masao@yopmail.com,developer
966,Devina,Hortensia,Devina.Hortensia@yopmail.com,doctor
967,Kaja,Peg,Kaja.Peg@yopmail.com,developer
968,Hannis,Duwalt,Hannis.Duwalt@yopmail.com,firefighter
969,Elise,Hourigan,Elise.Hourigan@yopmail.com,police officer
970,Arlina,Barney,Arlina.Barney@yopmail.com,firefighter
971,Tobe,Elbertina,Tobe.Elbertina@yopmail.com,developer
972,Daryl,Cressida,Daryl.Cressida@yopmail.com,doctor
973,Corry,Leopold,Corry.Leopold@yopmail.com,worker
974,Gerianna,Edee,Gerianna.Edee@yopmail.com,police officer
975,Wileen,Marden,Wileen.Marden@yopmail.com,doctor
976,Roz,Posner,Roz.Posner@yopmail.com,worker
977,Gwenneth,Merna,Gwenneth.Merna@yopmail.com,developer
978,Esmeralda,Cadmar,Esmeralda.Cadmar@yopmail.com,developer
979,Karolina,Helve,Karolina.Helve@yopmail.com,doctor
980,Cacilie,Tengdin,Cacilie.Tengdin@yopmail.com,firefighter
981,Selma,Glenden,Selma.Glenden@yopmail.com,developer
982,June,Marlie,June.Marlie@yopmail.com,doctor
983,Kathi,Magdalen,Kathi.Magdalen@yopmail.com,developer
984,Verla,Odell,Verla.Odell@yopmail.com,worker
985,Catharine,Horan,Catharine.Horan@yopmail.com,firefighter
986,Karlee,McAdams,Karlee.McAdams@yopmail.com,police officer
987,Tera,Monk,Tera.Monk@yopmail.com,developer
988,Sheree,Gino,Sheree.Gino@yopmail.com,firefighter
989,Marsiella,Paton,Marsiella.Paton@yopmail.com,worker
990,Tarra,Eckblad,Tarra.Eckblad@yopmail.com,firefighter
991,Binny,Tengdin,Binny.Tengdin@yopmail.com,worker
992,Tera,Tjon,Tera.Tjon@yopmail.com,firefighter
993,Tori,Uund,Tori.Uund@yopmail.com,police officer
994,Elie,Vivle,Elie.Vivle@yopmail.com,developer
995,Cordi,Arley,Cordi.Arley@yopmail.com,worker
996,Adele,Myrilla,Adele.Myrilla@yopmail.com,developer
997,Louella,Belanger,Louella.Belanger@yopmail.com,firefighter
998,Genevra,Bow,Genevra.Bow@yopmail.com,police officer
999,Lila,Auberbach,Lila.Auberbach@yopmail.com,doctor
1000,Mariann,Jacqui,Mariann.Jacqui@yopmail.com,doctor
1001,Jacenta,Tomasina,Jacenta.Tomasina@yopmail.com,firefighter
1002,Benita,Bonilla,Benita.Bonilla@yopmail.com,developer
1003,Mireielle,Blake,Mireielle.Blake@yopmail.com,worker
1004,Viki,Berl,Viki.Berl@yopmail.com,police officer
1005,Catharine,Love,Catharine.Love@yopmail.com,police officer
1006,Gratia,Yusuk,Gratia.Yusuk@yopmail.com,doctor
1007,Josephine,Bendick,Josephine.Bendick@yopmail.com,worker
1008,Corene,Liebermann,Corene.Liebermann@yopmail.com,worker
1009,Roz,Christal,Roz.Christal@yopmail.com,doctor
1010,Nataline,Lea,Nataline.Lea@yopmail.com,developer
1011,Dania,Urias,Dania.Urias@yopmail.com,developer
1012,Di,Ventre,Di.Ventre@yopmail.com,firefighter
1013,Rori,Irmine,Rori.Irmine@yopmail.com,developer
1014,Magdalena,Goerke,Magdalena.Goerke@yopmail.com,firefighter
1015,Gisela,Koehler,Gisela.Koehler@yopmail.com,developer
1016,Concettina,Bord,Concettina.Bord@yopmail.com,worker
1017,Reeba,Behre,Reeba.Behre@yopmail.com,doctor
1018,Berta,Pettiford,Berta.Pettiford@yopmail.com,worker
1019,Vivia,Hessler,Vivia.Hessler@yopmail.com,worker
1020,Merci,Cookie,Merci.Cookie@yopmail.com,firefighter
1021,Dorice,Podvin,Dorice.Podvin@yopmail.com,police officer
1022,Codie,Teddman,Codie.Teddman@yopmail.com,firefighter
1023,Emylee,Ellord,Emylee.Ellord@yopmail.com,developer
1024,Halette,Hebner,Halette.Hebner@yopmail.com,worker
1025,Coral,Heidt,Coral.Heidt@yopmail.com,worker
1026,Tiffie,Lattie,Tiffie.Lattie@yopmail.com,worker
1027,Natka,Japeth,Natka.Japeth@yopmail.com,worker
1028,Orsola,Keily,Orsola.Keily@yopmail.com,police officer
1029,Fawne,Erminia,Fawne.Erminia@yopmail.com,developer
1030,Cherrita,Montgomery,Cherrita.Montgomery@yopmail.com,firefighter
1031,Elmira,Gahl,Elmira.Gahl@yopmail.com,police officer
1032,Annecorinne,Kamaria,Annecorinne.Kamaria@yopmail.com,firefighter
1033,Chandra,Vins,Chandra.Vins@yopmail.com,police officer
1034,Olwen,Shelba,Olwen.Shelba@yopmail.com,police officer
1035,Corene,Lalitta,Corene.Lalitta@yopmail.com,police officer
1036,Tatiania,Colbert,Tatiania.Colbert@yopmail.com,police officer
1037,Cristine,Bevin,Cristine.Bevin@yopmail.com,police officer
1038,Pierette,Eiser,Pierette.Eiser@yopmail.com,developer
1039,Therine,Alabaster,Therine.Alabaster@yopmail.com,worker
1040,Lizzie,Mullane,Lizzie.Mullane@yopmail.com,worker
1041,Priscilla,Trace,Priscilla.Trace@yopmail.com,doctor
1042,Beth,Vivle,Beth.Vivle@yopmail.com,developer
1043,Alisha,Ludewig,Alisha.Ludewig@yopmail.com,developer
1044,Marjie,Ezar,Marjie.Ezar@yopmail.com,police officer
1045,Sherrie,Raseda,Sherrie.Raseda@yopmail.com,worker
1046,Albertina,Zrike,Albertina.Zrike@yopmail.com,police officer
1047,Emylee,Land,Emylee.Land@yopmail.com,doctor
1048,Karina,Jacinda,Karina.Jacinda@yopmail.com,developer
1049,Leontine,Orpah,Leontine.Orpah@yopmail.com,doctor
1050,Dale,Hurley,Dale.Hurley@yopmail.com,worker
1051,Bettine,Donoghue,Bettine.Donoghue@yopmail.com,doctor
1052,Pollyanna,Kinnard,Pollyanna.Kinnard@yopmail.com,doctor
1053,Melanie,Wadell,Melanie.Wadell@yopmail.com,developer
1054,Minda,Andrel,Minda.Andrel@yopmail.com,firefighter
1055,Fidelia,Moina,Fidelia.Moina@yopmail.com,worker
1056,Netty,Ellord,Netty.Ellord@yopmail.com,firefighter
1057,Regina,Delp,Regina.Delp@yopmail.com,worker
1058,Jenda,Sinegold,Jenda.Sinegold@yopmail.com,developer
1059,Lanae,Terencio,Lanae.Terencio@yopmail.com,worker
1060,Lanna,Nore,Lanna.Nore@yopmail.com,developer
1061,Joy,Donoghue,Joy.Donoghue@yopmail.com,developer
1062,Yetty,Bow,Yetty.Bow@yopmail.com,worker
1063,Ellette,Posner,Ellette.Posner@yopmail.com,police officer
1064,Melisent,Prober,Melisent.Prober@yopmail.com,doctor
1065,Correy,Prober,Correy.Prober@yopmail.com,firefighter
1066,Thalia,Wilona,Thalia.Wilona@yopmail.com,doctor
1067,Kimmy,Harned,Kimmy.Harned@yopmail.com,worker
1068,Joceline,Brackely,Joceline.Brackely@yopmail.com,developer
1069,Ursulina,Masao,Ursulina.Masao@yopmail.com,worker
1070,Hayley,Manolo,Hayley.Manolo@yopmail.com,worker
1071,Theodora,Loeb,Theodora.Loeb@yopmail.com,police officer
1072,Jinny,Kosey,Jinny.Kosey@yopmail.com,firefighter
1073,Halette,Riva,Halette.Riva@yopmail.com,firefighter
1074,Kalina,Gherardo,Kalina.Gherardo@yopmail.com,doctor
1075,Evaleen,Holbrook,Evaleen.Holbrook@yopmail.com,worker
1076,Madeleine,Merriott,Madeleine.Merriott@yopmail.com,doctor
1077,Carmela,Merna,Carmela.Merna@yopmail.com,police officer
1078,Farrah,Lareena,Farrah.Lareena@yopmail.com,police officer
1079,Ira,Anestassia,Ira.Anestassia@yopmail.com,developer
1080,Gerrie,Frodi,Gerrie.Frodi@yopmail.com,police officer
1081,Vinita,Gaspard,Vinita.Gaspard@yopmail.com,police officer
1082,Hildegaard,Loeb,Hildegaard.Loeb@yopmail.com,developer
1083,Mara,Kaja,Mara.Kaja@yopmail.com,doctor
1084,Sara-Ann,Weide,Sara-Ann.Weide@yopmail.com,firefighter
1085,Lita,Tippets,Lita.Tippets@yopmail.com,firefighter
1086,Suzette,Ellord,Suzette.Ellord@yopmail.com,police officer
1087,Daune,Kare,Daune.Kare@yopmail.com,police officer
1088,Adele,Nester,Adele.Nester@yopmail.com,developer
1089,Genevra,Publia,Genevra.Publia@yopmail.com,doctor
1090,Benita,Vittoria,Benita.Vittoria@yopmail.com,worker
1091,Elvira,Joeann,Elvira.Joeann@yopmail.com,police officer
1092,Wendi,Judye,Wendi.Judye@yopmail.com,developer
1093,Shell,Laverne,Shell.Laverne@yopmail.com,doctor
1094,Philis,Fabiola,Philis.Fabiola@yopmail.com,firefighter
1095,Lisette,Faso,Lisette.Faso@yopmail.com,firefighter
1096,Flory,Noelyn,Flory.Noelyn@yopmail.com,developer
1097,Mariann,Gladstone,Mariann.Gladstone@yopmail.com,developer
1098,Leanna,Jalbert,Leanna.Jalbert@yopmail.com,developer
1099,Cathie,Seumas,Cathie.Seumas@yopmail.com,firefighter